StudyName,StudyId,DeviceId,SensorId,Time,Rate,Quality
will-left,0,0,4,2016-03-18 15:32:02.855,65,ACQUIRING
will-left,0,0,4,2016-03-18 15:32:03.856,65,ACQUIRING
will-left,0,0,4,2016-03-18 15:32:04.858,65,ACQUIRING
will-left,0,0,4,2016-03-18 15:32:05.857,65,ACQUIRING
will-left,0,0,4,2016-03-18 15:32:06.858,65,ACQUIRING
will-left,0,0,4,2016-03-18 15:32:07.852,65,ACQUIRING
will-left,0,0,4,2016-03-18 15:32:08.831,65,ACQUIRING
will-left,0,0,4,2016-03-18 15:32:09.830,65,ACQUIRING
will-left,0,0,4,2016-03-18 15:32:10.830,65,ACQUIRING
will-left,0,0,4,2016-03-18 15:32:11.832,65,ACQUIRING
will-left,0,0,4,2016-03-18 15:32:12.830,65,ACQUIRING
will-left,0,0,4,2016-03-18 15:32:13.818,65,ACQUIRING
will-left,0,0,4,2016-03-18 15:32:14.806,65,ACQUIRING
will-left,0,0,4,2016-03-18 15:32:15.809,65,ACQUIRING
will-left,0,0,4,2016-03-18 15:32:16.792,65,ACQUIRING
will-left,0,0,4,2016-03-18 15:32:17.805,65,ACQUIRING
will-left,0,0,4,2016-03-18 15:32:18.792,65,ACQUIRING
will-left,0,0,4,2016-03-18 15:32:19.824,65,ACQUIRING
will-left,0,0,4,2016-03-18 15:32:20.785,65,ACQUIRING
will-left,0,0,4,2016-03-18 15:32:21.782,65,ACQUIRING
will-left,0,0,4,2016-03-18 15:32:22.769,70,LOCKED
will-left,0,0,4,2016-03-18 15:32:23.783,75,LOCKED
will-left,0,0,4,2016-03-18 15:32:24.767,75,LOCKED
will-left,0,0,4,2016-03-18 15:32:25.791,76,LOCKED
will-left,0,0,4,2016-03-18 15:32:26.767,75,LOCKED
will-left,0,0,4,2016-03-18 15:32:27.755,73,LOCKED
will-left,0,0,4,2016-03-18 15:32:28.755,70,LOCKED
will-left,0,0,4,2016-03-18 15:32:29.742,67,LOCKED
will-left,0,0,4,2016-03-18 15:32:30.761,64,LOCKED
will-left,0,0,4,2016-03-18 15:32:31.742,64,LOCKED
will-left,0,0,4,2016-03-18 15:32:32.761,65,LOCKED
will-left,0,0,4,2016-03-18 15:32:33.730,65,LOCKED
will-left,0,0,4,2016-03-18 15:32:34.730,65,LOCKED
will-left,0,0,4,2016-03-18 15:32:35.733,66,LOCKED
will-left,0,0,4,2016-03-18 15:32:36.749,67,LOCKED
will-left,0,0,4,2016-03-18 15:32:37.729,69,LOCKED
will-left,0,0,4,2016-03-18 15:32:38.722,68,LOCKED
will-left,0,0,4,2016-03-18 15:32:39.750,69,LOCKED
will-left,0,0,4,2016-03-18 15:32:40.720,75,LOCKED
will-left,0,0,4,2016-03-18 15:32:41.707,74,LOCKED
will-left,0,0,4,2016-03-18 15:32:42.694,74,LOCKED
will-left,0,0,4,2016-03-18 15:32:43.704,74,LOCKED
will-left,0,0,4,2016-03-18 15:32:44.692,73,LOCKED
will-left,0,0,4,2016-03-18 15:32:45.705,69,LOCKED
will-left,0,0,4,2016-03-18 15:32:46.681,68,LOCKED
will-left,0,0,4,2016-03-18 15:32:47.682,68,LOCKED
will-left,0,0,4,2016-03-18 15:32:48.675,68,LOCKED
will-left,0,0,4,2016-03-18 15:32:49.668,69,LOCKED
will-left,0,0,4,2016-03-18 15:32:50.698,69,LOCKED
will-left,0,0,4,2016-03-18 15:32:51.661,69,LOCKED
will-left,0,0,4,2016-03-18 15:32:52.680,70,LOCKED
will-left,0,0,4,2016-03-18 15:32:53.650,70,LOCKED
will-left,0,0,4,2016-03-18 15:32:54.656,70,LOCKED
will-left,0,0,4,2016-03-18 15:32:55.644,71,LOCKED
will-left,0,0,4,2016-03-18 15:32:56.659,72,LOCKED
will-left,0,0,4,2016-03-18 15:32:57.664,78,LOCKED
will-left,0,0,4,2016-03-18 15:32:58.660,78,LOCKED
will-left,0,0,4,2016-03-18 15:32:59.644,78,LOCKED
will-left,0,0,4,2016-03-18 15:33:00.660,78,LOCKED
will-left,0,0,4,2016-03-18 15:33:01.634,78,LOCKED
will-left,0,0,4,2016-03-18 15:33:02.631,77,LOCKED
will-left,0,0,4,2016-03-18 15:33:03.631,77,LOCKED
will-left,0,0,4,2016-03-18 15:33:04.611,78,LOCKED
will-left,0,0,4,2016-03-18 15:33:05.678,77,LOCKED
will-left,0,0,4,2016-03-18 15:33:06.605,77,LOCKED
will-left,0,0,4,2016-03-18 15:33:07.607,76,LOCKED
will-left,0,0,4,2016-03-18 15:33:08.593,76,LOCKED
will-left,0,0,4,2016-03-18 15:33:09.609,75,LOCKED
will-left,0,0,4,2016-03-18 15:33:10.602,75,LOCKED
will-left,0,0,4,2016-03-18 15:33:11.584,75,LOCKED
will-left,0,0,4,2016-03-18 15:33:12.579,74,LOCKED
will-left,0,0,4,2016-03-18 15:33:13.579,72,LOCKED
will-left,0,0,4,2016-03-18 15:33:14.570,72,LOCKED
will-left,0,0,4,2016-03-18 15:33:15.571,72,LOCKED
will-left,0,0,4,2016-03-18 15:33:16.583,72,LOCKED
will-left,0,0,4,2016-03-18 15:33:17.583,73,LOCKED
will-left,0,0,4,2016-03-18 15:33:18.581,72,LOCKED
will-left,0,0,4,2016-03-18 15:33:19.556,72,LOCKED
will-left,0,0,4,2016-03-18 15:33:20.554,72,LOCKED
will-left,0,0,4,2016-03-18 15:33:21.545,71,LOCKED
will-left,0,0,4,2016-03-18 15:33:22.542,71,LOCKED
will-left,0,0,4,2016-03-18 15:33:23.556,72,LOCKED
will-left,0,0,4,2016-03-18 15:33:24.552,72,LOCKED
will-left,0,0,4,2016-03-18 15:33:25.529,72,LOCKED
will-left,0,0,4,2016-03-18 15:33:26.531,72,LOCKED
will-left,0,0,4,2016-03-18 15:33:27.532,72,LOCKED
will-left,0,0,4,2016-03-18 15:33:28.517,72,LOCKED
will-left,0,0,4,2016-03-18 15:33:29.530,72,LOCKED
will-left,0,0,4,2016-03-18 15:33:30.529,71,LOCKED
will-left,0,0,4,2016-03-18 15:33:31.534,70,LOCKED
will-left,0,0,4,2016-03-18 15:33:32.506,70,LOCKED
will-left,0,0,4,2016-03-18 15:33:33.522,69,LOCKED
will-left,0,0,4,2016-03-18 15:33:34.495,69,LOCKED
will-left,0,0,4,2016-03-18 15:33:35.492,69,LOCKED
will-left,0,0,4,2016-03-18 15:33:36.508,69,LOCKED
will-left,0,0,4,2016-03-18 15:33:37.481,69,LOCKED
will-left,0,0,4,2016-03-18 15:33:38.481,68,LOCKED
will-left,0,0,4,2016-03-18 15:33:39.480,67,LOCKED
will-left,0,0,4,2016-03-18 15:33:40.481,67,LOCKED
will-left,0,0,4,2016-03-18 15:33:41.466,67,LOCKED
will-left,0,0,4,2016-03-18 15:33:42.466,68,LOCKED
will-left,0,0,4,2016-03-18 15:33:43.482,68,LOCKED
will-left,0,0,4,2016-03-18 15:33:44.474,69,LOCKED
will-left,0,0,4,2016-03-18 15:33:45.456,69,LOCKED
will-left,0,0,4,2016-03-18 15:33:46.441,70,LOCKED
will-left,0,0,4,2016-03-18 15:33:47.459,70,LOCKED
will-left,0,0,4,2016-03-18 15:33:48.441,70,LOCKED
will-left,0,0,4,2016-03-18 15:33:49.455,71,LOCKED
will-left,0,0,4,2016-03-18 15:33:50.430,71,LOCKED
will-left,0,0,4,2016-03-18 15:33:51.429,71,LOCKED
will-left,0,0,4,2016-03-18 15:33:52.416,71,LOCKED
will-left,0,0,4,2016-03-18 15:33:53.430,70,LOCKED
will-left,0,0,4,2016-03-18 15:33:54.418,69,LOCKED
will-left,0,0,4,2016-03-18 15:33:55.417,69,LOCKED
will-left,0,0,4,2016-03-18 15:33:56.431,70,LOCKED
will-left,0,0,4,2016-03-18 15:33:57.404,71,LOCKED
will-left,0,0,4,2016-03-18 15:33:58.406,71,LOCKED
will-left,0,0,4,2016-03-18 15:33:59.398,71,LOCKED
will-left,0,0,4,2016-03-18 15:34:00.417,71,LOCKED
will-left,0,0,4,2016-03-18 15:34:01.391,71,LOCKED
will-left,0,0,4,2016-03-18 15:34:02.404,71,LOCKED
will-left,0,0,4,2016-03-18 15:34:03.386,70,LOCKED
will-left,0,0,4,2016-03-18 15:34:04.395,70,LOCKED
will-left,0,0,4,2016-03-18 15:34:05.381,69,LOCKED
will-left,0,0,4,2016-03-18 15:34:06.385,69,LOCKED
will-left,0,0,4,2016-03-18 15:34:07.371,69,LOCKED
will-left,0,0,4,2016-03-18 15:34:08.368,69,LOCKED
will-left,0,0,4,2016-03-18 15:34:09.381,69,LOCKED
will-left,0,0,4,2016-03-18 15:34:10.355,68,LOCKED
will-left,0,0,4,2016-03-18 15:34:11.348,67,LOCKED
will-left,0,0,4,2016-03-18 15:34:12.335,67,LOCKED
will-left,0,0,4,2016-03-18 15:34:13.356,65,LOCKED
will-left,0,0,4,2016-03-18 15:34:14.342,64,LOCKED
will-left,0,0,4,2016-03-18 15:34:15.342,62,LOCKED
will-left,0,0,4,2016-03-18 15:34:16.330,61,LOCKED
will-left,0,0,4,2016-03-18 15:34:17.321,61,LOCKED
will-left,0,0,4,2016-03-18 15:34:18.331,61,LOCKED
will-left,0,0,4,2016-03-18 15:34:19.316,61,LOCKED
will-left,0,0,4,2016-03-18 15:34:20.348,61,LOCKED
will-left,0,0,4,2016-03-18 15:34:21.316,61,LOCKED
will-left,0,0,4,2016-03-18 15:34:22.329,61,LOCKED
will-left,0,0,4,2016-03-18 15:34:23.324,60,LOCKED
will-left,0,0,4,2016-03-18 15:34:24.318,59,LOCKED
will-left,0,0,4,2016-03-18 15:34:25.294,58,LOCKED
will-left,0,0,4,2016-03-18 15:34:26.306,58,LOCKED
will-left,0,0,4,2016-03-18 15:34:27.291,58,LOCKED
will-left,0,0,4,2016-03-18 15:34:28.280,59,LOCKED
will-left,0,0,4,2016-03-18 15:34:29.280,60,LOCKED
will-left,0,0,4,2016-03-18 15:34:30.279,59,LOCKED
will-left,0,0,4,2016-03-18 15:34:31.280,59,LOCKED
will-left,0,0,4,2016-03-18 15:34:32.266,59,LOCKED
will-left,0,0,4,2016-03-18 15:34:33.280,58,LOCKED
will-left,0,0,4,2016-03-18 15:34:34.282,59,LOCKED
will-left,0,0,4,2016-03-18 15:34:35.281,59,LOCKED
will-left,0,0,4,2016-03-18 15:34:36.256,60,LOCKED
will-left,0,0,4,2016-03-18 15:34:37.241,59,LOCKED
will-left,0,0,4,2016-03-18 15:34:38.256,59,LOCKED
will-left,0,0,4,2016-03-18 15:34:39.241,59,LOCKED
will-left,0,0,4,2016-03-18 15:34:40.256,59,LOCKED
will-left,0,0,4,2016-03-18 15:34:41.230,59,LOCKED
will-left,0,0,4,2016-03-18 15:34:42.228,58,LOCKED
will-left,0,0,4,2016-03-18 15:34:43.247,59,LOCKED
will-left,0,0,4,2016-03-18 15:34:44.249,59,LOCKED
will-left,0,0,4,2016-03-18 15:34:45.233,58,LOCKED
will-left,0,0,4,2016-03-18 15:34:46.231,59,LOCKED
will-left,0,0,4,2016-03-18 15:34:47.220,59,LOCKED
will-left,0,0,4,2016-03-18 15:34:48.191,59,LOCKED
will-left,0,0,4,2016-03-18 15:34:49.204,59,LOCKED
will-left,0,0,4,2016-03-18 15:34:50.191,59,LOCKED
will-left,0,0,4,2016-03-18 15:34:51.218,65,LOCKED
will-left,0,0,4,2016-03-18 15:34:52.191,65,LOCKED
will-left,0,0,4,2016-03-18 15:34:53.186,65,LOCKED
will-left,0,0,4,2016-03-18 15:34:54.194,70,LOCKED
will-left,0,0,4,2016-03-18 15:34:55.180,71,LOCKED
will-left,0,0,4,2016-03-18 15:34:56.178,70,LOCKED
will-left,0,0,4,2016-03-18 15:34:57.186,70,LOCKED
will-left,0,0,4,2016-03-18 15:34:58.181,70,LOCKED
will-left,0,0,4,2016-03-18 15:34:59.190,69,LOCKED
will-left,0,0,4,2016-03-18 15:35:00.165,69,LOCKED
will-left,0,0,4,2016-03-18 15:35:01.172,69,LOCKED
will-left,0,0,4,2016-03-18 15:35:02.170,72,LOCKED
will-left,0,0,4,2016-03-18 15:35:03.156,72,LOCKED
will-left,0,0,4,2016-03-18 15:35:04.156,72,LOCKED
will-left,0,0,4,2016-03-18 15:35:05.141,72,LOCKED
will-left,0,0,4,2016-03-18 15:35:06.136,72,LOCKED
will-left,0,0,4,2016-03-18 15:35:07.131,75,LOCKED
will-left,0,0,4,2016-03-18 15:35:08.121,75,LOCKED
will-left,0,0,4,2016-03-18 15:35:09.149,74,LOCKED
will-left,0,0,4,2016-03-18 15:35:10.118,74,LOCKED
will-left,0,0,4,2016-03-18 15:35:11.121,71,LOCKED
will-left,0,0,4,2016-03-18 15:35:12.116,70,LOCKED
will-left,0,0,4,2016-03-18 15:35:13.137,71,LOCKED
will-left,0,0,4,2016-03-18 15:35:14.105,72,LOCKED
will-left,0,0,4,2016-03-18 15:35:15.105,72,LOCKED
will-left,0,0,4,2016-03-18 15:35:16.090,71,LOCKED
will-left,0,0,4,2016-03-18 15:35:17.106,71,LOCKED
will-left,0,0,4,2016-03-18 15:35:18.094,69,LOCKED
will-left,0,0,4,2016-03-18 15:35:19.097,69,LOCKED
will-left,0,0,4,2016-03-18 15:35:20.080,68,LOCKED
will-left,0,0,4,2016-03-18 15:35:21.080,68,LOCKED
will-left,0,0,4,2016-03-18 15:35:22.079,67,LOCKED
will-left,0,0,4,2016-03-18 15:35:23.071,67,LOCKED
will-left,0,0,4,2016-03-18 15:35:24.071,67,LOCKED
will-left,0,0,4,2016-03-18 15:35:25.066,66,LOCKED
will-left,0,0,4,2016-03-18 15:35:26.060,66,LOCKED
will-left,0,0,4,2016-03-18 15:35:27.069,65,LOCKED
will-left,0,0,4,2016-03-18 15:35:28.041,65,LOCKED
will-left,0,0,4,2016-03-18 15:35:29.054,67,LOCKED
will-left,0,0,4,2016-03-18 15:35:30.041,67,LOCKED
will-left,0,0,4,2016-03-18 15:35:31.055,67,LOCKED
will-left,0,0,4,2016-03-18 15:35:32.030,66,LOCKED
will-left,0,0,4,2016-03-18 15:35:33.030,66,LOCKED
will-left,0,0,4,2016-03-18 15:35:34.015,66,LOCKED
will-left,0,0,4,2016-03-18 15:35:35.028,67,LOCKED
will-left,0,0,4,2016-03-18 15:35:36.019,67,LOCKED
will-left,0,0,4,2016-03-18 15:35:37.034,66,LOCKED
will-left,0,0,4,2016-03-18 15:35:38.015,67,LOCKED
will-left,0,0,4,2016-03-18 15:35:39.029,66,LOCKED
will-left,0,0,4,2016-03-18 15:35:40.006,67,LOCKED
will-left,0,0,4,2016-03-18 15:35:40.991,67,LOCKED
will-left,0,0,4,2016-03-18 15:35:42.013,67,LOCKED
will-left,0,0,4,2016-03-18 15:35:42.990,70,LOCKED
will-left,0,0,4,2016-03-18 15:35:44.004,70,LOCKED
will-left,0,0,4,2016-03-18 15:35:44.989,70,LOCKED
will-left,0,0,4,2016-03-18 15:35:45.986,70,LOCKED
will-left,0,0,4,2016-03-18 15:35:46.996,70,LOCKED
will-left,0,0,4,2016-03-18 15:35:47.980,68,LOCKED
will-left,0,0,4,2016-03-18 15:35:48.979,67,LOCKED
will-left,0,0,4,2016-03-18 15:35:49.998,68,LOCKED
will-left,0,0,4,2016-03-18 15:35:50.994,67,LOCKED
will-left,0,0,4,2016-03-18 15:35:51.969,67,LOCKED
will-left,0,0,4,2016-03-18 15:35:52.945,67,LOCKED
will-left,0,0,4,2016-03-18 15:35:53.949,67,LOCKED
will-left,0,0,4,2016-03-18 15:35:54.955,67,LOCKED
will-left,0,0,4,2016-03-18 15:35:55.941,67,LOCKED
will-left,0,0,4,2016-03-18 15:35:56.954,68,LOCKED
will-left,0,0,4,2016-03-18 15:35:57.932,70,LOCKED
will-left,0,0,4,2016-03-18 15:35:58.934,69,LOCKED
will-left,0,0,4,2016-03-18 15:35:59.910,69,LOCKED
will-left,0,0,4,2016-03-18 15:36:00.921,69,LOCKED
will-left,0,0,4,2016-03-18 15:36:01.928,69,LOCKED
will-left,0,0,4,2016-03-18 15:36:02.907,69,LOCKED
will-left,0,0,4,2016-03-18 15:36:03.930,66,LOCKED
will-left,0,0,4,2016-03-18 15:36:04.903,65,LOCKED
will-left,0,0,4,2016-03-18 15:36:05.910,65,LOCKED
will-left,0,0,4,2016-03-18 15:36:06.890,65,LOCKED
will-left,0,0,4,2016-03-18 15:36:07.905,65,LOCKED
will-left,0,0,4,2016-03-18 15:36:08.890,65,LOCKED
will-left,0,0,4,2016-03-18 15:36:09.904,69,LOCKED
will-left,0,0,4,2016-03-18 15:36:10.880,66,LOCKED
will-left,0,0,4,2016-03-18 15:36:11.882,66,LOCKED
will-left,0,0,4,2016-03-18 15:36:12.873,65,LOCKED
will-left,0,0,4,2016-03-18 15:36:13.871,65,LOCKED
will-left,0,0,4,2016-03-18 15:36:14.880,65,LOCKED
will-left,0,0,4,2016-03-18 15:36:15.867,66,LOCKED
will-left,0,0,4,2016-03-18 15:36:16.879,66,LOCKED
will-left,0,0,4,2016-03-18 15:36:17.854,66,LOCKED
will-left,0,0,4,2016-03-18 15:36:18.853,72,LOCKED
will-left,0,0,4,2016-03-18 15:36:19.841,72,LOCKED
will-left,0,0,4,2016-03-18 15:36:20.840,72,LOCKED
will-left,0,0,4,2016-03-18 15:36:21.866,72,LOCKED
will-left,0,0,4,2016-03-18 15:36:22.844,73,LOCKED
will-left,0,0,4,2016-03-18 15:36:23.833,72,LOCKED
will-left,0,0,4,2016-03-18 15:36:24.843,73,LOCKED
will-left,0,0,4,2016-03-18 15:36:25.827,73,LOCKED
will-left,0,0,4,2016-03-18 15:36:26.820,73,LOCKED
will-left,0,0,4,2016-03-18 15:36:27.824,73,LOCKED
will-left,0,0,4,2016-03-18 15:36:28.815,73,LOCKED
will-left,0,0,4,2016-03-18 15:36:29.827,74,LOCKED
will-left,0,0,4,2016-03-18 15:36:30.804,73,LOCKED
will-left,0,0,4,2016-03-18 15:36:31.804,73,LOCKED
will-left,0,0,4,2016-03-18 15:36:32.790,72,LOCKED
will-left,0,0,4,2016-03-18 15:36:33.791,72,LOCKED
will-left,0,0,4,2016-03-18 15:36:34.804,69,LOCKED
will-left,0,0,4,2016-03-18 15:36:35.778,70,LOCKED
will-left,0,0,4,2016-03-18 15:36:36.785,70,LOCKED
will-left,0,0,4,2016-03-18 15:36:37.799,69,LOCKED
will-left,0,0,4,2016-03-18 15:36:38.785,70,LOCKED
will-left,0,0,4,2016-03-18 15:36:39.765,69,LOCKED
will-left,0,0,4,2016-03-18 15:36:40.778,68,LOCKED
will-left,0,0,4,2016-03-18 15:36:41.765,68,LOCKED
will-left,0,0,4,2016-03-18 15:36:42.769,68,LOCKED
will-left,0,0,4,2016-03-18 15:36:43.769,68,LOCKED
will-left,0,0,4,2016-03-18 15:36:44.773,67,LOCKED
will-left,0,0,4,2016-03-18 15:36:45.748,67,LOCKED
will-left,0,0,4,2016-03-18 15:36:46.744,67,LOCKED
will-left,0,0,4,2016-03-18 15:36:47.753,68,LOCKED
will-left,0,0,4,2016-03-18 15:36:48.728,68,LOCKED
will-left,0,0,4,2016-03-18 15:36:49.721,71,LOCKED
will-left,0,0,4,2016-03-18 15:36:50.716,71,LOCKED
will-left,0,0,4,2016-03-18 15:36:51.727,72,LOCKED
will-left,0,0,4,2016-03-18 15:36:52.730,72,LOCKED
will-left,0,0,4,2016-03-18 15:36:53.714,69,LOCKED
will-left,0,0,4,2016-03-18 15:36:54.747,71,LOCKED
will-left,0,0,4,2016-03-18 15:36:55.714,71,LOCKED
will-left,0,0,4,2016-03-18 15:36:56.704,72,LOCKED
will-left,0,0,4,2016-03-18 15:36:57.695,73,LOCKED
will-left,0,0,4,2016-03-18 15:36:58.704,73,LOCKED
will-left,0,0,4,2016-03-18 15:36:59.697,73,LOCKED
will-left,0,0,4,2016-03-18 15:37:00.720,72,LOCKED
will-left,0,0,4,2016-03-18 15:37:01.695,72,LOCKED
will-left,0,0,4,2016-03-18 15:37:02.692,72,LOCKED
will-left,0,0,4,2016-03-18 15:37:03.681,72,LOCKED
will-left,0,0,4,2016-03-18 15:37:04.678,72,LOCKED
will-left,0,0,4,2016-03-18 15:37:05.672,72,LOCKED
will-left,0,0,4,2016-03-18 15:37:06.667,72,LOCKED
will-left,0,0,4,2016-03-18 15:37:07.678,73,LOCKED
will-left,0,0,4,2016-03-18 15:37:08.652,73,LOCKED
will-left,0,0,4,2016-03-18 15:37:09.673,73,LOCKED
will-left,0,0,4,2016-03-18 15:37:10.639,73,LOCKED
will-left,0,0,4,2016-03-18 15:37:11.654,74,LOCKED
will-left,0,0,4,2016-03-18 15:37:12.640,74,LOCKED
will-left,0,0,4,2016-03-18 15:37:13.639,75,LOCKED
will-left,0,0,4,2016-03-18 15:37:14.680,75,LOCKED
will-left,0,0,4,2016-03-18 15:37:15.642,75,LOCKED
will-left,0,0,4,2016-03-18 15:37:16.634,75,LOCKED
will-left,0,0,4,2016-03-18 15:37:17.627,74,LOCKED
will-left,0,0,4,2016-03-18 15:37:18.619,74,LOCKED
will-left,0,0,4,2016-03-18 15:37:19.617,74,LOCKED
will-left,0,0,4,2016-03-18 15:37:20.629,71,LOCKED
will-left,0,0,4,2016-03-18 15:37:21.613,72,LOCKED
will-left,0,0,4,2016-03-18 15:37:22.603,72,LOCKED
will-left,0,0,4,2016-03-18 15:37:23.590,73,LOCKED
will-left,0,0,4,2016-03-18 15:37:24.605,72,LOCKED
will-left,0,0,4,2016-03-18 15:37:25.590,72,LOCKED
will-left,0,0,4,2016-03-18 15:37:26.590,72,LOCKED
will-left,0,0,4,2016-03-18 15:37:27.580,72,LOCKED
will-left,0,0,4,2016-03-18 15:37:28.580,72,LOCKED
will-left,0,0,4,2016-03-18 15:37:29.579,73,LOCKED
will-left,0,0,4,2016-03-18 15:37:30.565,72,LOCKED
will-left,0,0,4,2016-03-18 15:37:31.574,72,LOCKED
will-left,0,0,4,2016-03-18 15:37:32.564,72,LOCKED
will-left,0,0,4,2016-03-18 15:37:33.578,72,LOCKED
will-left,0,0,4,2016-03-18 15:37:34.572,68,LOCKED
will-left,0,0,4,2016-03-18 15:37:35.568,68,LOCKED
will-left,0,0,4,2016-03-18 15:37:36.540,68,LOCKED
will-left,0,0,4,2016-03-18 15:37:37.553,72,LOCKED
will-left,0,0,4,2016-03-18 15:37:38.539,70,LOCKED
will-left,0,0,4,2016-03-18 15:37:39.528,70,LOCKED
will-left,0,0,4,2016-03-18 15:37:40.527,70,LOCKED
will-left,0,0,4,2016-03-18 15:37:41.546,70,LOCKED
will-left,0,0,4,2016-03-18 15:37:42.531,75,LOCKED
will-left,0,0,4,2016-03-18 15:37:43.514,75,LOCKED
will-left,0,0,4,2016-03-18 15:37:44.527,74,LOCKED
will-left,0,0,4,2016-03-18 15:37:45.514,73,LOCKED
will-left,0,0,4,2016-03-18 15:37:46.515,72,LOCKED
will-left,0,0,4,2016-03-18 15:37:47.503,70,LOCKED
will-left,0,0,4,2016-03-18 15:37:48.503,69,LOCKED
will-left,0,0,4,2016-03-18 15:37:49.497,69,LOCKED
will-left,0,0,4,2016-03-18 15:37:50.489,69,LOCKED
will-left,0,0,4,2016-03-18 15:37:51.501,72,LOCKED
will-left,0,0,4,2016-03-18 15:37:52.476,71,LOCKED
will-left,0,0,4,2016-03-18 15:37:53.477,71,LOCKED
will-left,0,0,4,2016-03-18 15:37:54.464,71,LOCKED
will-left,0,0,4,2016-03-18 15:37:55.479,71,LOCKED
will-left,0,0,4,2016-03-18 15:37:56.466,73,LOCKED
will-left,0,0,4,2016-03-18 15:37:57.479,73,LOCKED
will-left,0,0,4,2016-03-18 15:37:58.464,72,LOCKED
will-left,0,0,4,2016-03-18 15:37:59.465,73,LOCKED
will-left,0,0,4,2016-03-18 15:38:00.452,73,LOCKED
will-left,0,0,4,2016-03-18 15:38:01.439,74,LOCKED
will-left,0,0,4,2016-03-18 15:38:02.480,73,LOCKED
will-left,0,0,4,2016-03-18 15:38:03.440,73,LOCKED
will-left,0,0,4,2016-03-18 15:38:04.453,73,LOCKED
will-left,0,0,4,2016-03-18 15:38:05.429,74,LOCKED
will-left,0,0,4,2016-03-18 15:38:06.433,74,LOCKED
will-left,0,0,4,2016-03-18 15:38:07.430,75,LOCKED
will-left,0,0,4,2016-03-18 15:38:08.431,75,LOCKED
will-left,0,0,4,2016-03-18 15:38:09.427,75,LOCKED
will-left,0,0,4,2016-03-18 15:38:10.426,76,LOCKED
will-left,0,0,4,2016-03-18 15:38:11.407,76,LOCKED
will-left,0,0,4,2016-03-18 15:38:12.403,76,LOCKED
will-left,0,0,4,2016-03-18 15:38:13.401,78,LOCKED
will-left,0,0,4,2016-03-18 15:38:14.393,78,LOCKED
will-left,0,0,4,2016-03-18 15:38:15.403,78,LOCKED
will-left,0,0,4,2016-03-18 15:38:16.404,78,LOCKED
will-left,0,0,4,2016-03-18 15:38:17.401,78,LOCKED
will-left,0,0,4,2016-03-18 15:38:18.378,77,LOCKED
will-left,0,0,4,2016-03-18 15:38:19.364,77,LOCKED
will-left,0,0,4,2016-03-18 15:38:20.379,78,LOCKED
will-left,0,0,4,2016-03-18 15:38:21.364,74,LOCKED
will-left,0,0,4,2016-03-18 15:38:22.396,73,LOCKED
will-left,0,0,4,2016-03-18 15:38:23.382,73,LOCKED
will-left,0,0,4,2016-03-18 15:38:24.384,72,LOCKED
will-left,0,0,4,2016-03-18 15:38:25.352,71,LOCKED
will-left,0,0,4,2016-03-18 15:38:26.354,71,LOCKED
will-left,0,0,4,2016-03-18 15:38:27.339,72,LOCKED
will-left,0,0,4,2016-03-18 15:38:28.350,72,LOCKED
will-left,0,0,4,2016-03-18 15:38:29.340,73,LOCKED
will-left,0,0,4,2016-03-18 15:38:30.342,73,LOCKED
will-left,0,0,4,2016-03-18 15:38:31.332,73,LOCKED
will-left,0,0,4,2016-03-18 15:38:32.347,72,LOCKED
will-left,0,0,4,2016-03-18 15:38:33.336,73,LOCKED
will-left,0,0,4,2016-03-18 15:38:34.318,72,LOCKED
will-left,0,0,4,2016-03-18 15:38:35.316,72,LOCKED
will-left,0,0,4,2016-03-18 15:38:36.333,72,LOCKED
will-left,0,0,4,2016-03-18 15:38:37.329,72,LOCKED
will-left,0,0,4,2016-03-18 15:38:38.323,69,LOCKED
will-left,0,0,4,2016-03-18 15:38:39.294,69,LOCKED
will-left,0,0,4,2016-03-18 15:38:40.301,70,LOCKED
will-left,0,0,4,2016-03-18 15:38:41.290,71,LOCKED
will-left,0,0,4,2016-03-18 15:38:42.316,70,LOCKED
will-left,0,0,4,2016-03-18 15:38:43.278,70,LOCKED
will-left,0,0,4,2016-03-18 15:38:44.280,71,LOCKED
will-left,0,0,4,2016-03-18 15:38:45.281,75,LOCKED
will-left,0,0,4,2016-03-18 15:38:46.279,74,LOCKED
will-left,0,0,4,2016-03-18 15:38:47.265,76,LOCKED
will-left,0,0,4,2016-03-18 15:38:48.278,75,LOCKED
will-left,0,0,4,2016-03-18 15:38:49.264,76,LOCKED
will-left,0,0,4,2016-03-18 15:38:50.282,76,LOCKED
will-left,0,0,4,2016-03-18 15:38:51.253,75,LOCKED
will-left,0,0,4,2016-03-18 15:38:52.245,74,LOCKED
will-left,0,0,4,2016-03-18 15:38:53.248,75,LOCKED
will-left,0,0,4,2016-03-18 15:38:54.239,74,LOCKED
will-left,0,0,4,2016-03-18 15:38:55.257,74,LOCKED
will-left,0,0,4,2016-03-18 15:38:56.231,74,LOCKED
will-left,0,0,4,2016-03-18 15:38:57.229,73,LOCKED
will-left,0,0,4,2016-03-18 15:38:58.226,72,LOCKED
will-left,0,0,4,2016-03-18 15:38:59.233,72,LOCKED
will-left,0,0,4,2016-03-18 15:39:00.226,71,LOCKED
will-left,0,0,4,2016-03-18 15:39:01.232,71,LOCKED
will-left,0,0,4,2016-03-18 15:39:02.219,71,LOCKED
will-left,0,0,4,2016-03-18 15:39:03.224,70,LOCKED
will-left,0,0,4,2016-03-18 15:39:04.223,70,LOCKED
will-left,0,0,4,2016-03-18 15:39:05.251,70,LOCKED
will-left,0,0,4,2016-03-18 15:39:06.203,70,LOCKED
will-left,0,0,4,2016-03-18 15:39:07.212,70,LOCKED
will-left,0,0,4,2016-03-18 15:39:08.202,70,LOCKED
will-left,0,0,4,2016-03-18 15:39:09.180,70,LOCKED
will-left,0,0,4,2016-03-18 15:39:10.177,71,LOCKED
will-left,0,0,4,2016-03-18 15:39:11.178,70,LOCKED
will-left,0,0,4,2016-03-18 15:39:12.169,71,LOCKED
will-left,0,0,4,2016-03-18 15:39:13.176,71,LOCKED
will-left,0,0,4,2016-03-18 15:39:14.164,71,LOCKED
will-left,0,0,4,2016-03-18 15:39:15.180,71,LOCKED
will-left,0,0,4,2016-03-18 15:39:16.156,71,LOCKED
will-left,0,0,4,2016-03-18 15:39:17.152,71,LOCKED
will-left,0,0,4,2016-03-18 15:39:18.144,72,LOCKED
will-left,0,0,4,2016-03-18 15:39:19.153,71,LOCKED
will-left,0,0,4,2016-03-18 15:39:20.138,72,LOCKED
will-left,0,0,4,2016-03-18 15:39:21.154,72,LOCKED
will-left,0,0,4,2016-03-18 15:39:22.126,72,LOCKED
will-left,0,0,4,2016-03-18 15:39:23.141,72,LOCKED
will-left,0,0,4,2016-03-18 15:39:24.113,72,LOCKED
will-left,0,0,4,2016-03-18 15:39:25.133,72,LOCKED
will-left,0,0,4,2016-03-18 15:39:26.126,71,LOCKED
will-left,0,0,4,2016-03-18 15:39:27.129,71,LOCKED
will-left,0,0,4,2016-03-18 15:39:28.132,72,LOCKED
will-left,0,0,4,2016-03-18 15:39:29.106,71,LOCKED
will-left,0,0,4,2016-03-18 15:39:30.101,70,LOCKED
will-left,0,0,4,2016-03-18 15:39:31.088,69,LOCKED
will-left,0,0,4,2016-03-18 15:39:32.104,69,LOCKED
will-left,0,0,4,2016-03-18 15:39:33.117,69,LOCKED
will-left,0,0,4,2016-03-18 15:39:34.092,70,LOCKED
will-left,0,0,4,2016-03-18 15:39:35.079,69,LOCKED
will-left,0,0,4,2016-03-18 15:39:36.078,69,LOCKED
will-left,0,0,4,2016-03-18 15:39:37.080,69,LOCKED
will-left,0,0,4,2016-03-18 15:39:38.071,69,LOCKED
will-left,0,0,4,2016-03-18 15:39:39.071,68,LOCKED
will-left,0,0,4,2016-03-18 15:39:40.063,68,LOCKED
will-left,0,0,4,2016-03-18 15:39:41.078,67,LOCKED
will-left,0,0,4,2016-03-18 15:39:42.054,67,LOCKED
will-left,0,0,4,2016-03-18 15:39:43.072,68,LOCKED
will-left,0,0,4,2016-03-18 15:39:44.037,67,LOCKED
will-left,0,0,4,2016-03-18 15:39:45.039,68,LOCKED
will-left,0,0,4,2016-03-18 15:39:46.055,68,LOCKED
will-left,0,0,4,2016-03-18 15:39:47.038,68,LOCKED
will-left,0,0,4,2016-03-18 15:39:48.026,68,LOCKED
will-left,0,0,4,2016-03-18 15:39:49.027,69,LOCKED
will-left,0,0,4,2016-03-18 15:39:50.027,69,LOCKED
will-left,0,0,4,2016-03-18 15:39:51.013,69,LOCKED
will-left,0,0,4,2016-03-18 15:39:52.029,70,LOCKED
will-left,0,0,4,2016-03-18 15:39:53.029,69,LOCKED
will-left,0,0,4,2016-03-18 15:39:54.019,70,LOCKED
will-left,0,0,4,2016-03-18 15:39:55.001,70,LOCKED
will-left,0,0,4,2016-03-18 15:39:56.006,69,LOCKED
will-left,0,0,4,2016-03-18 15:39:57.021,69,LOCKED
will-left,0,0,4,2016-03-18 15:39:57.988,69,LOCKED
will-left,0,0,4,2016-03-18 15:39:59.007,69,LOCKED
will-left,0,0,4,2016-03-18 15:39:59.988,68,LOCKED
will-left,0,0,4,2016-03-18 15:40:00.992,67,LOCKED
will-left,0,0,4,2016-03-18 15:40:01.980,67,LOCKED
will-left,0,0,4,2016-03-18 15:40:02.983,67,LOCKED
will-left,0,0,4,2016-03-18 15:40:03.964,67,LOCKED
will-left,0,0,4,2016-03-18 15:40:04.965,66,LOCKED
will-left,0,0,4,2016-03-18 15:40:06.015,67,LOCKED
will-left,0,0,4,2016-03-18 15:40:06.951,66,LOCKED
will-left,0,0,4,2016-03-18 15:40:07.957,67,LOCKED
will-left,0,0,4,2016-03-18 15:40:08.951,67,LOCKED
will-left,0,0,4,2016-03-18 15:40:09.958,67,LOCKED
will-left,0,0,4,2016-03-18 15:40:10.938,65,LOCKED
will-left,0,0,4,2016-03-18 15:40:11.954,65,LOCKED
will-left,0,0,4,2016-03-18 15:40:12.925,65,LOCKED
will-left,0,0,4,2016-03-18 15:40:13.945,66,LOCKED
will-left,0,0,4,2016-03-18 15:40:14.922,67,LOCKED
will-left,0,0,4,2016-03-18 15:40:15.914,67,LOCKED
will-left,0,0,4,2016-03-18 15:40:16.917,68,LOCKED
will-left,0,0,4,2016-03-18 15:40:17.913,68,LOCKED
will-left,0,0,4,2016-03-18 15:40:18.918,69,LOCKED
will-left,0,0,4,2016-03-18 15:40:19.900,69,LOCKED
will-left,0,0,4,2016-03-18 15:40:20.904,69,LOCKED
will-left,0,0,4,2016-03-18 15:40:21.892,69,LOCKED
will-left,0,0,4,2016-03-18 15:40:22.903,70,LOCKED
will-left,0,0,4,2016-03-18 15:40:23.888,70,LOCKED
will-left,0,0,4,2016-03-18 15:40:24.888,70,LOCKED
will-left,0,0,4,2016-03-18 15:40:25.930,70,LOCKED
will-left,0,0,4,2016-03-18 15:40:26.879,70,LOCKED
will-left,0,0,4,2016-03-18 15:40:27.895,69,LOCKED
will-left,0,0,4,2016-03-18 15:40:28.863,69,LOCKED
will-left,0,0,4,2016-03-18 15:40:29.877,69,LOCKED
will-left,0,0,4,2016-03-18 15:40:30.863,70,LOCKED
will-left,0,0,4,2016-03-18 15:40:31.868,70,LOCKED
will-left,0,0,4,2016-03-18 15:40:32.838,69,LOCKED
will-left,0,0,4,2016-03-18 15:40:33.838,69,LOCKED
will-left,0,0,4,2016-03-18 15:40:34.838,69,LOCKED
will-left,0,0,4,2016-03-18 15:40:35.838,70,LOCKED
will-left,0,0,4,2016-03-18 15:40:36.838,71,LOCKED
will-left,0,0,4,2016-03-18 15:40:37.838,71,LOCKED
will-left,0,0,4,2016-03-18 15:40:38.838,72,LOCKED
will-left,0,0,4,2016-03-18 15:40:39.819,72,LOCKED
will-left,0,0,4,2016-03-18 15:40:40.813,72,LOCKED
will-left,0,0,4,2016-03-18 15:40:41.818,73,LOCKED
will-left,0,0,4,2016-03-18 15:40:42.813,72,LOCKED
will-left,0,0,4,2016-03-18 15:40:43.813,75,LOCKED
will-left,0,0,4,2016-03-18 15:40:44.814,74,LOCKED
will-left,0,0,4,2016-03-18 15:40:45.813,74,LOCKED
will-left,0,0,4,2016-03-18 15:40:46.789,74,LOCKED
will-left,0,0,4,2016-03-18 15:40:47.788,74,LOCKED
will-left,0,0,4,2016-03-18 15:40:48.788,73,LOCKED
will-left,0,0,4,2016-03-18 15:40:49.788,70,LOCKED
will-left,0,0,4,2016-03-18 15:40:50.788,70,LOCKED
will-left,0,0,4,2016-03-18 15:40:51.764,69,LOCKED
will-left,0,0,4,2016-03-18 15:40:52.788,69,LOCKED
will-left,0,0,4,2016-03-18 15:40:53.792,69,LOCKED
will-left,0,0,4,2016-03-18 15:40:54.806,69,LOCKED
will-left,0,0,4,2016-03-18 15:40:55.798,75,LOCKED
will-left,0,0,4,2016-03-18 15:40:56.784,75,LOCKED
will-left,0,0,4,2016-03-18 15:40:57.777,75,LOCKED
will-left,0,0,4,2016-03-18 15:40:58.756,75,LOCKED
will-left,0,0,4,2016-03-18 15:40:59.770,75,LOCKED
will-left,0,0,4,2016-03-18 15:41:00.771,75,LOCKED
will-left,0,0,4,2016-03-18 15:41:01.770,74,LOCKED
will-left,0,0,4,2016-03-18 15:41:02.742,74,LOCKED
will-left,0,0,4,2016-03-18 15:41:03.743,74,LOCKED
will-left,0,0,4,2016-03-18 15:41:04.775,73,LOCKED
will-left,0,0,4,2016-03-18 15:41:05.766,70,LOCKED
will-left,0,0,4,2016-03-18 15:41:06.720,70,LOCKED
will-left,0,0,4,2016-03-18 15:41:07.731,70,LOCKED
will-left,0,0,4,2016-03-18 15:41:08.783,69,LOCKED
will-left,0,0,4,2016-03-18 15:41:09.759,68,LOCKED
will-left,0,0,4,2016-03-18 15:41:10.781,68,LOCKED
will-left,0,0,4,2016-03-18 15:41:11.730,68,LOCKED
will-left,0,0,4,2016-03-18 15:41:12.715,66,LOCKED
will-left,0,0,4,2016-03-18 15:41:13.703,66,LOCKED
will-left,0,0,4,2016-03-18 15:41:14.715,65,LOCKED
will-left,0,0,4,2016-03-18 15:41:15.706,65,LOCKED
will-left,0,0,4,2016-03-18 15:41:16.713,65,LOCKED
will-left,0,0,4,2016-03-18 15:41:17.703,66,LOCKED
will-left,0,0,4,2016-03-18 15:41:18.753,67,LOCKED
will-left,0,0,4,2016-03-18 15:41:19.702,67,LOCKED
will-left,0,0,4,2016-03-18 15:41:20.715,68,LOCKED
will-left,0,0,4,2016-03-18 15:41:21.680,68,LOCKED
will-left,0,0,4,2016-03-18 15:41:22.681,68,LOCKED
will-left,0,0,4,2016-03-18 15:41:23.690,67,LOCKED
will-left,0,0,4,2016-03-18 15:41:24.652,67,LOCKED
will-left,0,0,4,2016-03-18 15:41:25.730,66,LOCKED
will-left,0,0,4,2016-03-18 15:41:26.679,66,LOCKED
will-left,0,0,4,2016-03-18 15:41:27.731,67,LOCKED
will-left,0,0,4,2016-03-18 15:41:28.654,67,LOCKED
will-left,0,0,4,2016-03-18 15:41:29.665,66,LOCKED
will-left,0,0,4,2016-03-18 15:41:30.643,67,LOCKED
will-left,0,0,4,2016-03-18 15:41:31.640,66,LOCKED
will-left,0,0,4,2016-03-18 15:41:32.630,66,LOCKED
will-left,0,0,4,2016-03-18 15:41:33.629,66,LOCKED
will-left,0,0,4,2016-03-18 15:41:34.657,66,LOCKED
will-left,0,0,4,2016-03-18 15:41:35.631,72,LOCKED
will-left,0,0,4,2016-03-18 15:41:36.630,72,LOCKED
will-left,0,0,4,2016-03-18 15:41:37.602,73,LOCKED
will-left,0,0,4,2016-03-18 15:41:38.618,78,LOCKED
will-left,0,0,4,2016-03-18 15:41:39.594,78,LOCKED
will-left,0,0,4,2016-03-18 15:41:40.615,75,LOCKED
will-left,0,0,4,2016-03-18 15:41:41.602,74,LOCKED
will-left,0,0,4,2016-03-18 15:41:42.615,74,LOCKED
will-left,0,0,4,2016-03-18 15:41:43.592,74,LOCKED
will-left,0,0,4,2016-03-18 15:41:44.612,74,LOCKED
will-left,0,0,4,2016-03-18 15:41:45.580,74,LOCKED
will-left,0,0,4,2016-03-18 15:41:46.606,74,LOCKED
will-left,0,0,4,2016-03-18 15:41:47.579,74,LOCKED
will-left,0,0,4,2016-03-18 15:41:48.579,74,LOCKED
will-left,0,0,4,2016-03-18 15:41:49.564,74,LOCKED
will-left,0,0,4,2016-03-18 15:41:50.552,73,LOCKED
will-left,0,0,4,2016-03-18 15:41:51.566,74,LOCKED
will-left,0,0,4,2016-03-18 15:41:52.555,74,LOCKED
will-left,0,0,4,2016-03-18 15:41:53.567,74,LOCKED
will-left,0,0,4,2016-03-18 15:41:54.567,74,LOCKED
will-left,0,0,4,2016-03-18 15:41:55.580,73,LOCKED
will-left,0,0,4,2016-03-18 15:41:56.530,74,LOCKED
will-left,0,0,4,2016-03-18 15:41:57.539,74,LOCKED
will-left,0,0,4,2016-03-18 15:41:58.529,74,LOCKED
will-left,0,0,4,2016-03-18 15:41:59.540,73,LOCKED
will-left,0,0,4,2016-03-18 15:42:00.531,73,LOCKED
will-left,0,0,4,2016-03-18 15:42:01.531,73,LOCKED
will-left,0,0,4,2016-03-18 15:42:02.528,73,LOCKED
will-left,0,0,4,2016-03-18 15:42:03.493,73,LOCKED
will-left,0,0,4,2016-03-18 15:42:04.530,73,LOCKED
will-left,0,0,4,2016-03-18 15:42:05.506,73,LOCKED
will-left,0,0,4,2016-03-18 15:42:06.499,72,LOCKED
will-left,0,0,4,2016-03-18 15:42:07.497,72,LOCKED
will-left,0,0,4,2016-03-18 15:42:08.501,71,LOCKED
will-left,0,0,4,2016-03-18 15:42:09.480,71,LOCKED
will-left,0,0,4,2016-03-18 15:42:10.473,71,LOCKED
will-left,0,0,4,2016-03-18 15:42:11.502,70,LOCKED
will-left,0,0,4,2016-03-18 15:42:12.480,70,LOCKED
will-left,0,0,4,2016-03-18 15:42:13.502,69,LOCKED
will-left,0,0,4,2016-03-18 15:42:14.463,70,LOCKED
will-left,0,0,4,2016-03-18 15:42:15.475,68,LOCKED
will-left,0,0,4,2016-03-18 15:42:16.452,69,LOCKED
will-left,0,0,4,2016-03-18 15:42:17.469,68,LOCKED
will-left,0,0,4,2016-03-18 15:42:18.455,68,LOCKED
will-left,0,0,4,2016-03-18 15:42:19.455,68,LOCKED
will-left,0,0,4,2016-03-18 15:42:20.469,68,LOCKED
will-left,0,0,4,2016-03-18 15:42:21.441,67,LOCKED
will-left,0,0,4,2016-03-18 15:42:22.442,68,LOCKED
will-left,0,0,4,2016-03-18 15:42:23.430,69,LOCKED
will-left,0,0,4,2016-03-18 15:42:24.429,69,LOCKED
will-left,0,0,4,2016-03-18 15:42:25.428,69,LOCKED
will-left,0,0,4,2016-03-18 15:42:26.428,70,LOCKED
will-left,0,0,4,2016-03-18 15:42:27.440,69,LOCKED
will-left,0,0,4,2016-03-18 15:42:28.413,70,LOCKED
will-left,0,0,4,2016-03-18 15:42:29.401,70,LOCKED
will-left,0,0,4,2016-03-18 15:42:30.412,70,LOCKED
will-left,0,0,4,2016-03-18 15:42:31.403,69,LOCKED
will-left,0,0,4,2016-03-18 15:42:32.421,69,LOCKED
will-left,0,0,4,2016-03-18 15:42:33.423,66,LOCKED
will-left,0,0,4,2016-03-18 15:42:34.376,65,LOCKED
will-left,0,0,4,2016-03-18 15:42:35.379,65,LOCKED
will-left,0,0,4,2016-03-18 15:42:36.366,65,LOCKED
will-left,0,0,4,2016-03-18 15:42:37.375,65,LOCKED
will-left,0,0,4,2016-03-18 15:42:38.367,66,LOCKED
will-left,0,0,4,2016-03-18 15:42:39.355,66,LOCKED
will-left,0,0,4,2016-03-18 15:42:40.342,65,LOCKED
will-left,0,0,4,2016-03-18 15:42:41.351,64,LOCKED
will-left,0,0,4,2016-03-18 15:42:42.340,64,LOCKED
will-left,0,0,4,2016-03-18 15:42:43.359,65,LOCKED
will-left,0,0,4,2016-03-18 15:42:44.354,65,LOCKED
will-left,0,0,4,2016-03-18 15:42:45.342,67,LOCKED
will-left,0,0,4,2016-03-18 15:42:46.353,66,LOCKED
will-left,0,0,4,2016-03-18 15:42:47.314,65,LOCKED
will-left,0,0,4,2016-03-18 15:42:48.315,65,LOCKED
will-left,0,0,4,2016-03-18 15:42:49.316,66,LOCKED
will-left,0,0,4,2016-03-18 15:42:50.334,67,LOCKED
will-left,0,0,4,2016-03-18 15:42:51.322,67,LOCKED
will-left,0,0,4,2016-03-18 15:42:52.329,68,LOCKED
will-left,0,0,4,2016-03-18 15:42:53.296,68,LOCKED
will-left,0,0,4,2016-03-18 15:42:54.293,68,LOCKED
will-left,0,0,4,2016-03-18 15:42:55.294,67,LOCKED
will-left,0,0,4,2016-03-18 15:42:56.292,67,LOCKED
will-left,0,0,4,2016-03-18 15:42:57.289,67,LOCKED
will-left,0,0,4,2016-03-18 15:42:58.297,64,LOCKED
will-left,0,0,4,2016-03-18 15:42:59.294,64,LOCKED
will-left,0,0,4,2016-03-18 15:43:00.282,65,LOCKED
will-left,0,0,4,2016-03-18 15:43:01.294,64,LOCKED
will-left,0,0,4,2016-03-18 15:43:02.295,65,LOCKED
will-left,0,0,4,2016-03-18 15:43:03.279,70,LOCKED
will-left,0,0,4,2016-03-18 15:43:04.297,69,LOCKED
will-left,0,0,4,2016-03-18 15:43:05.274,69,LOCKED
will-left,0,0,4,2016-03-18 15:43:06.279,69,LOCKED
will-left,0,0,4,2016-03-18 15:43:07.271,69,LOCKED
will-left,0,0,4,2016-03-18 15:43:08.272,68,LOCKED
will-left,0,0,4,2016-03-18 15:43:09.263,68,LOCKED
will-left,0,0,4,2016-03-18 15:43:10.252,66,LOCKED
will-left,0,0,4,2016-03-18 15:43:11.267,66,LOCKED
will-left,0,0,4,2016-03-18 15:43:12.230,66,LOCKED
will-left,0,0,4,2016-03-18 15:43:13.240,66,LOCKED
will-left,0,0,4,2016-03-18 15:43:14.242,66,LOCKED
will-left,0,0,4,2016-03-18 15:43:15.241,72,LOCKED
will-left,0,0,4,2016-03-18 15:43:16.268,72,LOCKED
will-left,0,0,4,2016-03-18 15:43:17.241,71,LOCKED
will-left,0,0,4,2016-03-18 15:43:18.228,70,LOCKED
will-left,0,0,4,2016-03-18 15:43:19.211,70,LOCKED
will-left,0,0,4,2016-03-18 15:43:20.202,70,LOCKED
will-left,0,0,4,2016-03-18 15:43:21.212,69,LOCKED
will-left,0,0,4,2016-03-18 15:43:22.218,69,LOCKED
will-left,0,0,4,2016-03-18 15:43:23.187,63,LOCKED
will-left,0,0,4,2016-03-18 15:43:24.208,63,LOCKED
will-left,0,0,4,2016-03-18 15:43:25.191,63,LOCKED
will-left,0,0,4,2016-03-18 15:43:26.206,63,LOCKED
will-left,0,0,4,2016-03-18 15:43:27.180,63,LOCKED
will-left,0,0,4,2016-03-18 15:43:28.205,63,LOCKED
will-left,0,0,4,2016-03-18 15:43:29.192,63,LOCKED
will-left,0,0,4,2016-03-18 15:43:30.207,64,LOCKED
will-left,0,0,4,2016-03-18 15:43:31.198,63,LOCKED
will-left,0,0,4,2016-03-18 15:43:32.168,64,LOCKED
will-left,0,0,4,2016-03-18 15:43:33.178,64,LOCKED
will-left,0,0,4,2016-03-18 15:43:34.152,64,LOCKED
will-left,0,0,4,2016-03-18 15:43:35.163,64,LOCKED
will-left,0,0,4,2016-03-18 15:43:36.152,64,LOCKED
will-left,0,0,4,2016-03-18 15:43:37.172,65,LOCKED
will-left,0,0,4,2016-03-18 15:43:38.130,67,LOCKED
will-left,0,0,4,2016-03-18 15:43:39.155,66,LOCKED
will-left,0,0,4,2016-03-18 15:43:40.128,66,LOCKED
will-left,0,0,4,2016-03-18 15:43:41.172,66,LOCKED
will-left,0,0,4,2016-03-18 15:43:42.129,66,LOCKED
will-left,0,0,4,2016-03-18 15:43:43.140,62,LOCKED
will-left,0,0,4,2016-03-18 15:43:44.102,62,LOCKED
will-left,0,0,4,2016-03-18 15:43:45.111,62,LOCKED
will-left,0,0,4,2016-03-18 15:43:46.119,62,LOCKED
will-left,0,0,4,2016-03-18 15:43:47.104,62,LOCKED
will-left,0,0,4,2016-03-18 15:43:48.112,62,LOCKED
will-left,0,0,4,2016-03-18 15:43:49.103,62,LOCKED
will-left,0,0,4,2016-03-18 15:43:50.118,62,LOCKED
will-left,0,0,4,2016-03-18 15:43:51.100,62,LOCKED
will-left,0,0,4,2016-03-18 15:43:52.095,61,LOCKED
will-left,0,0,4,2016-03-18 15:43:53.091,61,LOCKED
will-left,0,0,4,2016-03-18 15:43:54.090,61,LOCKED
will-left,0,0,4,2016-03-18 15:43:55.078,62,LOCKED
will-left,0,0,4,2016-03-18 15:43:56.106,62,LOCKED
will-left,0,0,4,2016-03-18 15:43:57.051,60,LOCKED
will-left,0,0,4,2016-03-18 15:43:58.064,61,LOCKED
will-left,0,0,4,2016-03-18 15:43:59.086,69,LOCKED
will-left,0,0,4,2016-03-18 15:44:00.055,69,LOCKED
will-left,0,0,4,2016-03-18 15:44:01.051,69,LOCKED
will-left,0,0,4,2016-03-18 15:44:02.054,69,LOCKED
will-left,0,0,4,2016-03-18 15:44:03.047,70,LOCKED
will-left,0,0,4,2016-03-18 15:44:04.012,70,LOCKED
will-left,0,0,4,2016-03-18 15:44:05.007,70,LOCKED
will-left,0,0,4,2016-03-18 15:44:06.007,70,LOCKED
will-left,0,0,4,2016-03-18 15:44:07.009,69,LOCKED
will-left,0,0,4,2016-03-18 15:44:08.009,69,LOCKED
will-left,0,0,4,2016-03-18 15:44:09.027,69,LOCKED
will-left,0,0,4,2016-03-18 15:44:10.002,69,LOCKED
will-left,0,0,4,2016-03-18 15:44:11.005,69,LOCKED
will-left,0,0,4,2016-03-18 15:44:12.004,69,LOCKED
will-left,0,0,4,2016-03-18 15:44:13.004,69,LOCKED
will-left,0,0,4,2016-03-18 15:44:14.002,69,LOCKED
will-left,0,0,4,2016-03-18 15:44:15.003,68,LOCKED
will-left,0,0,4,2016-03-18 15:44:15.996,67,LOCKED
will-left,0,0,4,2016-03-18 15:44:16.983,67,LOCKED
will-left,0,0,4,2016-03-18 15:44:17.992,66,LOCKED
will-left,0,0,4,2016-03-18 15:44:18.997,65,LOCKED
will-left,0,0,4,2016-03-18 15:44:19.979,64,LOCKED
will-left,0,0,4,2016-03-18 15:44:20.976,63,LOCKED
will-left,0,0,4,2016-03-18 15:44:21.979,65,LOCKED
will-left,0,0,4,2016-03-18 15:44:22.953,64,LOCKED
will-left,0,0,4,2016-03-18 15:44:23.947,65,LOCKED
will-left,0,0,4,2016-03-18 15:44:24.951,65,LOCKED
will-left,0,0,4,2016-03-18 15:44:25.959,65,LOCKED
will-left,0,0,4,2016-03-18 15:44:26.948,65,LOCKED
will-left,0,0,4,2016-03-18 15:44:27.970,65,LOCKED
will-left,0,0,4,2016-03-18 15:44:28.944,65,LOCKED
will-left,0,0,4,2016-03-18 15:44:29.915,65,LOCKED
will-left,0,0,4,2016-03-18 15:44:30.940,65,LOCKED
will-left,0,0,4,2016-03-18 15:44:31.918,69,LOCKED
will-left,0,0,4,2016-03-18 15:44:32.949,68,LOCKED
will-left,0,0,4,2016-03-18 15:44:33.929,69,LOCKED
will-left,0,0,4,2016-03-18 15:44:34.893,69,LOCKED
will-left,0,0,4,2016-03-18 15:44:35.898,70,LOCKED
will-left,0,0,4,2016-03-18 15:44:36.891,72,LOCKED
will-left,0,0,4,2016-03-18 15:44:37.919,72,LOCKED
will-left,0,0,4,2016-03-18 15:44:38.907,71,LOCKED
will-left,0,0,4,2016-03-18 15:44:39.903,72,LOCKED
will-left,0,0,4,2016-03-18 15:44:40.892,72,LOCKED
will-left,0,0,4,2016-03-18 15:44:41.867,71,LOCKED
will-left,0,0,4,2016-03-18 15:44:42.881,72,LOCKED
will-left,0,0,4,2016-03-18 15:44:43.865,72,LOCKED
will-left,0,0,4,2016-03-18 15:44:44.875,72,LOCKED
will-left,0,0,4,2016-03-18 15:44:45.866,72,LOCKED
will-left,0,0,4,2016-03-18 15:44:46.864,71,LOCKED
will-left,0,0,4,2016-03-18 15:44:47.840,72,LOCKED
will-left,0,0,4,2016-03-18 15:44:48.863,72,LOCKED
will-left,0,0,4,2016-03-18 15:44:49.859,71,LOCKED
will-left,0,0,4,2016-03-18 15:44:50.840,70,LOCKED
will-left,0,0,4,2016-03-18 15:44:51.847,71,LOCKED
will-left,0,0,4,2016-03-18 15:44:52.850,70,LOCKED
will-left,0,0,4,2016-03-18 15:44:53.837,69,LOCKED
will-left,0,0,4,2016-03-18 15:44:54.817,70,LOCKED
will-left,0,0,4,2016-03-18 15:44:55.841,69,LOCKED
will-left,0,0,4,2016-03-18 15:44:56.815,70,LOCKED
will-left,0,0,4,2016-03-18 15:44:57.813,70,LOCKED
will-left,0,0,4,2016-03-18 15:44:58.821,70,LOCKED
will-left,0,0,4,2016-03-18 15:44:59.813,70,LOCKED
will-left,0,0,4,2016-03-18 15:45:00.830,70,LOCKED
will-left,0,0,4,2016-03-18 15:45:01.839,70,LOCKED
will-left,0,0,4,2016-03-18 15:45:02.829,70,LOCKED
will-left,0,0,4,2016-03-18 15:45:03.801,71,LOCKED
will-left,0,0,4,2016-03-18 15:45:04.830,72,LOCKED
will-left,0,0,4,2016-03-18 15:45:05.826,72,LOCKED
will-left,0,0,4,2016-03-18 15:45:06.792,72,LOCKED
will-left,0,0,4,2016-03-18 15:45:07.805,72,LOCKED
will-left,0,0,4,2016-03-18 15:45:08.810,72,LOCKED
will-left,0,0,4,2016-03-18 15:45:09.785,71,LOCKED
will-left,0,0,4,2016-03-18 15:45:10.806,72,LOCKED
will-left,0,0,4,2016-03-18 15:45:11.826,71,LOCKED
will-left,0,0,4,2016-03-18 15:45:12.779,71,LOCKED
will-left,0,0,4,2016-03-18 15:45:13.765,70,LOCKED
will-left,0,0,4,2016-03-18 15:45:14.736,69,LOCKED
will-left,0,0,4,2016-03-18 15:45:15.762,69,LOCKED
will-left,0,0,4,2016-03-18 15:45:16.752,70,LOCKED
will-left,0,0,4,2016-03-18 15:45:17.802,69,LOCKED
will-left,0,0,4,2016-03-18 15:45:18.752,69,LOCKED
will-left,0,0,4,2016-03-18 15:45:19.740,69,LOCKED
will-left,0,0,4,2016-03-18 15:45:20.729,69,LOCKED
will-left,0,0,4,2016-03-18 15:45:21.723,68,LOCKED
will-left,0,0,4,2016-03-18 15:45:22.740,69,LOCKED
will-left,0,0,4,2016-03-18 15:45:23.723,69,LOCKED
will-left,0,0,4,2016-03-18 15:45:24.740,68,LOCKED
will-left,0,0,4,2016-03-18 15:45:25.723,69,LOCKED
will-left,0,0,4,2016-03-18 15:45:26.712,69,LOCKED
will-left,0,0,4,2016-03-18 15:45:27.727,69,LOCKED
will-left,0,0,4,2016-03-18 15:45:28.722,70,LOCKED
will-left,0,0,4,2016-03-18 15:45:29.701,70,LOCKED
will-left,0,0,4,2016-03-18 15:45:30.729,71,LOCKED
will-left,0,0,4,2016-03-18 15:45:31.702,76,LOCKED
will-left,0,0,4,2016-03-18 15:45:32.678,75,LOCKED
will-left,0,0,4,2016-03-18 15:45:33.689,75,LOCKED
will-left,0,0,4,2016-03-18 15:45:34.675,76,LOCKED
will-left,0,0,4,2016-03-18 15:45:35.689,76,LOCKED
will-left,0,0,4,2016-03-18 15:45:36.679,75,LOCKED
will-left,0,0,4,2016-03-18 15:45:37.689,75,LOCKED
will-left,0,0,4,2016-03-18 15:45:38.673,75,LOCKED
will-left,0,0,4,2016-03-18 15:45:39.679,75,LOCKED
will-left,0,0,4,2016-03-18 15:45:40.651,75,LOCKED
will-left,0,0,4,2016-03-18 15:45:41.679,75,LOCKED
will-left,0,0,4,2016-03-18 15:45:42.651,74,LOCKED
will-left,0,0,4,2016-03-18 15:45:43.661,74,LOCKED
will-left,0,0,4,2016-03-18 15:45:44.675,74,LOCKED
will-left,0,0,4,2016-03-18 15:45:45.637,73,LOCKED
will-left,0,0,4,2016-03-18 15:45:46.641,73,LOCKED
will-left,0,0,4,2016-03-18 15:45:47.627,73,LOCKED
will-left,0,0,4,2016-03-18 15:45:48.656,73,LOCKED
will-left,0,0,4,2016-03-18 15:45:49.644,64,LOCKED
will-left,0,0,4,2016-03-18 15:45:50.659,63,LOCKED
will-left,0,0,4,2016-03-18 15:45:51.601,63,LOCKED
will-left,0,0,4,2016-03-18 15:45:52.611,63,LOCKED
will-left,0,0,4,2016-03-18 15:45:53.602,63,LOCKED
will-left,0,0,4,2016-03-18 15:45:54.613,63,LOCKED
will-left,0,0,4,2016-03-18 15:45:55.605,63,LOCKED
will-left,0,0,4,2016-03-18 15:45:56.612,63,LOCKED
will-left,0,0,4,2016-03-18 15:45:57.601,63,LOCKED
will-left,0,0,4,2016-03-18 15:45:58.603,63,LOCKED
will-left,0,0,4,2016-03-18 15:45:59.573,63,LOCKED
will-left,0,0,4,2016-03-18 15:46:00.590,63,LOCKED
will-left,0,0,4,2016-03-18 15:46:01.593,64,LOCKED
will-left,0,0,4,2016-03-18 15:46:02.591,64,LOCKED
will-left,0,0,4,2016-03-18 15:46:03.601,64,LOCKED
will-left,0,0,4,2016-03-18 15:46:04.553,63,LOCKED
will-left,0,0,4,2016-03-18 15:46:05.558,63,LOCKED
will-left,0,0,4,2016-03-18 15:46:06.542,63,LOCKED
will-left,0,0,4,2016-03-18 15:46:07.552,63,LOCKED
will-left,0,0,4,2016-03-18 15:46:08.551,63,LOCKED
will-left,0,0,4,2016-03-18 15:46:09.561,62,LOCKED
will-left,0,0,4,2016-03-18 15:46:10.571,62,LOCKED
will-left,0,0,4,2016-03-18 15:46:11.524,62,LOCKED
will-left,0,0,4,2016-03-18 15:46:12.532,62,LOCKED
will-left,0,0,4,2016-03-18 15:46:13.531,62,LOCKED
will-left,0,0,4,2016-03-18 15:46:14.549,62,LOCKED
will-left,0,0,4,2016-03-18 15:46:15.523,62,LOCKED
will-left,0,0,4,2016-03-18 15:46:16.523,61,LOCKED
will-left,0,0,4,2016-03-18 15:46:17.502,61,LOCKED
will-left,0,0,4,2016-03-18 15:46:18.504,61,LOCKED
will-left,0,0,4,2016-03-18 15:46:19.501,61,LOCKED
will-left,0,0,4,2016-03-18 15:46:20.502,66,LOCKED
will-left,0,0,4,2016-03-18 15:46:21.507,65,LOCKED
will-left,0,0,4,2016-03-18 15:46:22.518,66,LOCKED
will-left,0,0,4,2016-03-18 15:46:23.480,66,LOCKED
will-left,0,0,4,2016-03-18 15:46:24.477,65,LOCKED
will-left,0,0,4,2016-03-18 15:46:25.477,66,LOCKED
will-left,0,0,4,2016-03-18 15:46:26.467,66,LOCKED
will-left,0,0,4,2016-03-18 15:46:27.478,66,LOCKED
will-left,0,0,4,2016-03-18 15:46:28.472,67,LOCKED
will-left,0,0,4,2016-03-18 15:46:29.492,67,LOCKED
will-left,0,0,4,2016-03-18 15:46:30.451,66,LOCKED
will-left,0,0,4,2016-03-18 15:46:31.471,66,LOCKED
will-left,0,0,4,2016-03-18 15:46:32.455,65,LOCKED
will-left,0,0,4,2016-03-18 15:46:33.451,65,LOCKED
will-left,0,0,4,2016-03-18 15:46:34.452,65,LOCKED
will-left,0,0,4,2016-03-18 15:46:35.478,64,LOCKED
will-left,0,0,4,2016-03-18 15:46:36.428,64,LOCKED
will-left,0,0,4,2016-03-18 15:46:37.422,64,LOCKED
will-left,0,0,4,2016-03-18 15:46:38.413,65,LOCKED
will-left,0,0,4,2016-03-18 15:46:39.429,65,LOCKED
will-left,0,0,4,2016-03-18 15:46:40.428,64,LOCKED
will-left,0,0,4,2016-03-18 15:46:41.419,64,LOCKED
will-left,0,0,4,2016-03-18 15:46:42.412,63,LOCKED
will-left,0,0,4,2016-03-18 15:46:43.397,63,LOCKED
will-left,0,0,4,2016-03-18 15:46:44.392,63,LOCKED
will-left,0,0,4,2016-03-18 15:46:45.390,63,LOCKED
will-left,0,0,4,2016-03-18 15:46:46.387,64,LOCKED
will-left,0,0,4,2016-03-18 15:46:47.400,65,LOCKED
will-left,0,0,4,2016-03-18 15:46:48.392,65,LOCKED
will-left,0,0,4,2016-03-18 15:46:49.377,65,LOCKED
will-left,0,0,4,2016-03-18 15:46:50.371,66,LOCKED
will-left,0,0,4,2016-03-18 15:46:51.363,66,LOCKED
will-left,0,0,4,2016-03-18 15:46:52.365,65,LOCKED
will-left,0,0,4,2016-03-18 15:46:53.369,61,LOCKED
will-left,0,0,4,2016-03-18 15:46:54.347,60,LOCKED
will-left,0,0,4,2016-03-18 15:46:55.377,60,LOCKED
will-left,0,0,4,2016-03-18 15:46:56.339,60,LOCKED
will-left,0,0,4,2016-03-18 15:46:57.341,60,LOCKED
will-left,0,0,4,2016-03-18 15:46:58.338,59,LOCKED
will-left,0,0,4,2016-03-18 15:46:59.355,59,LOCKED
will-left,0,0,4,2016-03-18 15:47:00.336,60,LOCKED
will-left,0,0,4,2016-03-18 15:47:01.341,60,LOCKED
will-left,0,0,4,2016-03-18 15:47:02.323,60,LOCKED
will-left,0,0,4,2016-03-18 15:47:03.309,60,LOCKED
will-left,0,0,4,2016-03-18 15:47:04.319,60,LOCKED
will-left,0,0,4,2016-03-18 15:47:05.333,61,LOCKED
will-left,0,0,4,2016-03-18 15:47:06.332,60,LOCKED
will-left,0,0,4,2016-03-18 15:47:07.305,59,LOCKED
will-left,0,0,4,2016-03-18 15:47:08.345,60,LOCKED
will-left,0,0,4,2016-03-18 15:47:09.301,59,LOCKED
will-left,0,0,4,2016-03-18 15:47:10.352,59,LOCKED
will-left,0,0,4,2016-03-18 15:47:11.342,61,LOCKED
will-left,0,0,4,2016-03-18 15:47:12.345,67,LOCKED
will-left,0,0,4,2016-03-18 15:47:13.286,67,LOCKED
will-left,0,0,4,2016-03-18 15:47:14.357,66,LOCKED
will-left,0,0,4,2016-03-18 15:47:15.270,67,LOCKED
will-left,0,0,4,2016-03-18 15:47:16.283,66,LOCKED
will-left,0,0,4,2016-03-18 15:47:17.279,65,LOCKED
will-left,0,0,4,2016-03-18 15:47:18.285,64,LOCKED
will-left,0,0,4,2016-03-18 15:47:19.273,64,LOCKED
will-left,0,0,4,2016-03-18 15:47:20.318,64,LOCKED
will-left,0,0,4,2016-03-18 15:47:21.266,64,LOCKED
will-left,0,0,4,2016-03-18 15:47:22.251,65,LOCKED
will-left,0,0,4,2016-03-18 15:47:23.261,65,LOCKED
will-left,0,0,4,2016-03-18 15:47:24.251,64,LOCKED
will-left,0,0,4,2016-03-18 15:47:25.278,64,LOCKED
will-left,0,0,4,2016-03-18 15:47:26.251,65,LOCKED
will-left,0,0,4,2016-03-18 15:47:27.261,66,LOCKED
will-left,0,0,4,2016-03-18 15:47:28.225,66,LOCKED
will-left,0,0,4,2016-03-18 15:47:29.260,67,LOCKED
will-left,0,0,4,2016-03-18 15:47:30.240,67,LOCKED
will-left,0,0,4,2016-03-18 15:47:31.237,66,LOCKED
will-left,0,0,4,2016-03-18 15:47:32.268,67,LOCKED
will-left,0,0,4,2016-03-18 15:47:33.222,62,LOCKED
will-left,0,0,4,2016-03-18 15:47:34.212,59,LOCKED
will-left,0,0,4,2016-03-18 15:47:35.201,59,LOCKED
will-left,0,0,4,2016-03-18 15:47:36.215,59,LOCKED
will-left,0,0,4,2016-03-18 15:47:37.201,55,LOCKED
will-left,0,0,4,2016-03-18 15:47:38.213,52,LOCKED
will-left,0,0,4,2016-03-18 15:47:39.201,52,LOCKED
will-left,0,0,4,2016-03-18 15:47:40.188,52,LOCKED
will-left,0,0,4,2016-03-18 15:47:41.179,52,LOCKED
will-left,0,0,4,2016-03-18 15:47:42.186,50,LOCKED
will-left,0,0,4,2016-03-18 15:47:43.193,50,LOCKED
will-left,0,0,4,2016-03-18 15:47:44.187,49,LOCKED
will-left,0,0,4,2016-03-18 15:47:45.180,49,LOCKED
will-left,0,0,4,2016-03-18 15:47:46.177,49,LOCKED
will-left,0,0,4,2016-03-18 15:47:47.177,50,LOCKED
will-left,0,0,4,2016-03-18 15:47:48.151,50,LOCKED
will-left,0,0,4,2016-03-18 15:47:49.161,50,LOCKED
will-left,0,0,4,2016-03-18 15:47:50.151,50,LOCKED
will-left,0,0,4,2016-03-18 15:47:51.162,50,LOCKED
will-left,0,0,4,2016-03-18 15:47:52.151,51,LOCKED
will-left,0,0,4,2016-03-18 15:47:53.156,55,LOCKED
will-left,0,0,4,2016-03-18 15:47:54.123,55,LOCKED
will-left,0,0,4,2016-03-18 15:47:55.153,54,LOCKED
will-left,0,0,4,2016-03-18 15:47:56.141,54,LOCKED
will-left,0,0,4,2016-03-18 15:47:57.158,53,LOCKED
will-left,0,0,4,2016-03-18 15:47:58.141,53,LOCKED
will-left,0,0,4,2016-03-18 15:47:59.112,53,LOCKED
will-left,0,0,4,2016-03-18 15:48:00.086,53,LOCKED
will-left,0,0,4,2016-03-18 15:48:01.101,53,LOCKED
will-left,0,0,4,2016-03-18 15:48:02.111,53,LOCKED
will-left,0,0,4,2016-03-18 15:48:03.101,52,LOCKED
will-left,0,0,4,2016-03-18 15:48:04.093,52,LOCKED
will-left,0,0,4,2016-03-18 15:48:05.103,51,LOCKED
will-left,0,0,4,2016-03-18 15:48:06.079,54,LOCKED
will-left,0,0,4,2016-03-18 15:48:07.068,54,LOCKED
will-left,0,0,4,2016-03-18 15:48:08.077,54,LOCKED
will-left,0,0,4,2016-03-18 15:48:09.092,54,LOCKED
will-left,0,0,4,2016-03-18 15:48:10.073,54,LOCKED
will-left,0,0,4,2016-03-18 15:48:11.077,54,LOCKED
will-left,0,0,4,2016-03-18 15:48:12.051,56,LOCKED
will-left,0,0,4,2016-03-18 15:48:13.051,56,LOCKED
will-left,0,0,4,2016-03-18 15:48:14.033,56,LOCKED
will-left,0,0,4,2016-03-18 15:48:15.080,58,LOCKED
will-left,0,0,4,2016-03-18 15:48:16.052,54,LOCKED
will-left,0,0,4,2016-03-18 15:48:17.051,55,LOCKED
will-left,0,0,4,2016-03-18 15:48:18.052,56,LOCKED
will-left,0,0,4,2016-03-18 15:48:19.030,55,LOCKED
will-left,0,0,4,2016-03-18 15:48:20.021,54,LOCKED
will-left,0,0,4,2016-03-18 15:48:21.046,54,LOCKED
will-left,0,0,4,2016-03-18 15:48:22.042,54,LOCKED
will-left,0,0,4,2016-03-18 15:48:23.039,54,LOCKED
will-left,0,0,4,2016-03-18 15:48:24.030,57,LOCKED
will-left,0,0,4,2016-03-18 15:48:25.001,58,LOCKED
will-left,0,0,4,2016-03-18 15:48:26.020,58,LOCKED
will-left,0,0,4,2016-03-18 15:48:27.013,61,LOCKED
will-left,0,0,4,2016-03-18 15:48:27.996,60,LOCKED
will-left,0,0,4,2016-03-18 15:48:29.001,60,LOCKED
will-left,0,0,4,2016-03-18 15:48:30.016,60,LOCKED
will-left,0,0,4,2016-03-18 15:48:31.000,57,LOCKED
will-left,0,0,4,2016-03-18 15:48:31.963,56,LOCKED
will-left,0,0,4,2016-03-18 15:48:32.992,56,LOCKED
will-left,0,0,4,2016-03-18 15:48:33.991,56,LOCKED
will-left,0,0,4,2016-03-18 15:48:34.991,56,LOCKED
will-left,0,0,4,2016-03-18 15:48:35.945,55,LOCKED
will-left,0,0,4,2016-03-18 15:48:36.975,55,LOCKED
will-left,0,0,4,2016-03-18 15:48:37.949,56,LOCKED
will-left,0,0,4,2016-03-18 15:48:38.948,56,LOCKED
will-left,0,0,4,2016-03-18 15:48:39.938,57,LOCKED
will-left,0,0,4,2016-03-18 15:48:40.938,58,LOCKED
will-left,0,0,4,2016-03-18 15:48:41.931,58,LOCKED
will-left,0,0,4,2016-03-18 15:48:42.963,59,LOCKED
will-left,0,0,4,2016-03-18 15:48:43.914,59,LOCKED
will-left,0,0,4,2016-03-18 15:48:44.912,60,LOCKED
will-left,0,0,4,2016-03-18 15:48:45.912,60,LOCKED
will-left,0,0,4,2016-03-18 15:48:46.925,62,LOCKED
will-left,0,0,4,2016-03-18 15:48:47.944,63,LOCKED
will-left,0,0,4,2016-03-18 15:48:48.929,63,LOCKED
will-left,0,0,4,2016-03-18 15:48:49.916,64,LOCKED
will-left,0,0,4,2016-03-18 15:48:50.890,64,LOCKED
will-left,0,0,4,2016-03-18 15:48:51.888,63,LOCKED
will-left,0,0,4,2016-03-18 15:48:52.889,63,LOCKED
will-left,0,0,4,2016-03-18 15:48:53.891,64,LOCKED
will-left,0,0,4,2016-03-18 15:48:54.876,63,LOCKED
will-left,0,0,4,2016-03-18 15:48:55.894,63,LOCKED
will-left,0,0,4,2016-03-18 15:48:56.866,63,LOCKED
will-left,0,0,4,2016-03-18 15:48:57.866,62,LOCKED
will-left,0,0,4,2016-03-18 15:48:58.863,62,LOCKED
will-left,0,0,4,2016-03-18 15:48:59.878,62,LOCKED
will-left,0,0,4,2016-03-18 15:49:00.876,64,LOCKED
will-left,0,0,4,2016-03-18 15:49:01.871,65,LOCKED
will-left,0,0,4,2016-03-18 15:49:02.866,64,LOCKED
will-left,0,0,4,2016-03-18 15:49:03.843,65,LOCKED
will-left,0,0,4,2016-03-18 15:49:04.845,64,LOCKED
will-left,0,0,4,2016-03-18 15:49:05.852,64,LOCKED
will-left,0,0,4,2016-03-18 15:49:06.869,65,LOCKED
will-left,0,0,4,2016-03-18 15:49:07.838,65,LOCKED
will-left,0,0,4,2016-03-18 15:49:08.873,65,LOCKED
will-left,0,0,4,2016-03-18 15:49:09.827,64,LOCKED
will-left,0,0,4,2016-03-18 15:49:10.837,66,LOCKED
will-left,0,0,4,2016-03-18 15:49:11.824,69,LOCKED
will-left,0,0,4,2016-03-18 15:49:12.839,69,LOCKED
will-left,0,0,4,2016-03-18 15:49:13.828,68,LOCKED
will-left,0,0,4,2016-03-18 15:49:14.872,69,LOCKED
will-left,0,0,4,2016-03-18 15:49:15.813,68,LOCKED
will-left,0,0,4,2016-03-18 15:49:16.827,68,LOCKED
will-left,0,0,4,2016-03-18 15:49:17.801,67,LOCKED
will-left,0,0,4,2016-03-18 15:49:18.811,66,LOCKED
will-left,0,0,4,2016-03-18 15:49:19.801,65,LOCKED
will-left,0,0,4,2016-03-18 15:49:20.800,64,LOCKED
will-left,0,0,4,2016-03-18 15:49:21.863,64,LOCKED
will-left,0,0,4,2016-03-18 15:49:22.772,69,LOCKED
will-left,0,0,4,2016-03-18 15:49:23.807,69,LOCKED
will-left,0,0,4,2016-03-18 15:49:24.776,69,LOCKED
will-left,0,0,4,2016-03-18 15:49:25.788,65,LOCKED
will-left,0,0,4,2016-03-18 15:49:26.794,65,LOCKED
will-left,0,0,4,2016-03-18 15:49:27.784,64,LOCKED
will-left,0,0,4,2016-03-18 15:49:28.751,64,LOCKED
will-left,0,0,4,2016-03-18 15:49:29.762,64,LOCKED
will-left,0,0,4,2016-03-18 15:49:30.751,63,LOCKED
will-left,0,0,4,2016-03-18 15:49:31.762,64,LOCKED
will-left,0,0,4,2016-03-18 15:49:32.766,64,LOCKED
will-left,0,0,4,2016-03-18 15:49:33.766,65,LOCKED
will-left,0,0,4,2016-03-18 15:49:34.776,67,LOCKED
will-left,0,0,4,2016-03-18 15:49:35.728,66,LOCKED
will-left,0,0,4,2016-03-18 15:49:36.750,66,LOCKED
will-left,0,0,4,2016-03-18 15:49:37.738,66,LOCKED
will-left,0,0,4,2016-03-18 15:49:38.736,66,LOCKED
will-left,0,0,4,2016-03-18 15:49:39.727,67,LOCKED
will-left,0,0,4,2016-03-18 15:49:40.751,67,LOCKED
will-left,0,0,4,2016-03-18 15:49:41.701,67,LOCKED
will-left,0,0,4,2016-03-18 15:49:42.711,68,LOCKED
will-left,0,0,4,2016-03-18 15:49:43.714,67,LOCKED
will-left,0,0,4,2016-03-18 15:49:44.728,68,LOCKED
will-left,0,0,4,2016-03-18 15:49:45.701,67,LOCKED
will-left,0,0,4,2016-03-18 15:49:46.721,66,LOCKED
will-left,0,0,4,2016-03-18 15:49:47.688,66,LOCKED
will-left,0,0,4,2016-03-18 15:49:48.697,66,LOCKED
will-left,0,0,4,2016-03-18 15:49:49.688,65,LOCKED
will-left,0,0,4,2016-03-18 15:49:50.693,66,LOCKED
will-left,0,0,4,2016-03-18 15:49:51.685,66,LOCKED
will-left,0,0,4,2016-03-18 15:49:52.672,67,LOCKED
will-left,0,0,4,2016-03-18 15:49:53.701,67,LOCKED
will-left,0,0,4,2016-03-18 15:49:54.653,66,LOCKED
will-left,0,0,4,2016-03-18 15:49:55.661,66,LOCKED
will-left,0,0,4,2016-03-18 15:49:56.652,66,LOCKED
will-left,0,0,4,2016-03-18 15:49:57.662,66,LOCKED
will-left,0,0,4,2016-03-18 15:49:58.663,66,LOCKED
will-left,0,0,4,2016-03-18 15:49:59.672,65,LOCKED
will-left,0,0,4,2016-03-18 15:50:00.626,65,LOCKED
will-left,0,0,4,2016-03-18 15:50:01.622,69,LOCKED
will-left,0,0,4,2016-03-18 15:50:02.687,69,LOCKED
will-left,0,0,4,2016-03-18 15:50:03.623,69,LOCKED
will-left,0,0,4,2016-03-18 15:50:04.622,69,LOCKED
will-left,0,0,4,2016-03-18 15:50:05.608,70,LOCKED
will-left,0,0,4,2016-03-18 15:50:06.645,70,LOCKED
will-left,0,0,4,2016-03-18 15:50:07.617,70,LOCKED
will-left,0,0,4,2016-03-18 15:50:08.601,69,LOCKED
will-left,0,0,4,2016-03-18 15:50:09.588,69,LOCKED
will-left,0,0,4,2016-03-18 15:50:10.598,69,LOCKED
will-left,0,0,4,2016-03-18 15:50:11.608,66,LOCKED
will-left,0,0,4,2016-03-18 15:50:12.617,66,LOCKED
will-left,0,0,4,2016-03-18 15:50:13.574,66,LOCKED
will-left,0,0,4,2016-03-18 15:50:14.573,66,LOCKED
will-left,0,0,4,2016-03-18 15:50:15.562,64,LOCKED
will-left,0,0,4,2016-03-18 15:50:16.573,63,LOCKED
will-left,0,0,4,2016-03-18 15:50:17.569,62,LOCKED
will-left,0,0,4,2016-03-18 15:50:18.575,63,LOCKED
will-left,0,0,4,2016-03-18 15:50:19.551,63,LOCKED
will-left,0,0,4,2016-03-18 15:50:20.547,64,LOCKED
will-left,0,0,4,2016-03-18 15:50:21.549,64,LOCKED
will-left,0,0,4,2016-03-18 15:50:22.563,64,LOCKED
will-left,0,0,4,2016-03-18 15:50:23.551,65,LOCKED
will-left,0,0,4,2016-03-18 15:50:24.552,65,LOCKED
will-left,0,0,4,2016-03-18 15:50:25.550,65,LOCKED
will-left,0,0,4,2016-03-18 15:50:26.525,65,LOCKED
will-left,0,0,4,2016-03-18 15:50:27.516,65,LOCKED
will-left,0,0,4,2016-03-18 15:50:28.526,69,LOCKED
will-left,0,0,4,2016-03-18 15:50:29.525,69,LOCKED
will-left,0,0,4,2016-03-18 15:50:30.518,69,LOCKED
will-left,0,0,4,2016-03-18 15:50:31.523,69,LOCKED
will-left,0,0,4,2016-03-18 15:50:32.495,68,LOCKED
will-left,0,0,4,2016-03-18 15:50:33.517,68,LOCKED
will-left,0,0,4,2016-03-18 15:50:34.513,68,LOCKED
will-left,0,0,4,2016-03-18 15:50:35.513,68,LOCKED
will-left,0,0,4,2016-03-18 15:50:36.498,69,LOCKED
will-left,0,0,4,2016-03-18 15:50:37.525,68,LOCKED
will-left,0,0,4,2016-03-18 15:50:38.500,68,LOCKED
will-left,0,0,4,2016-03-18 15:50:39.473,68,LOCKED
will-left,0,0,4,2016-03-18 15:50:40.463,68,LOCKED
will-left,0,0,4,2016-03-18 15:50:41.470,68,LOCKED
will-left,0,0,4,2016-03-18 15:50:42.463,67,LOCKED
will-left,0,0,4,2016-03-18 15:50:43.477,66,LOCKED
will-left,0,0,4,2016-03-18 15:50:44.472,66,LOCKED
will-left,0,0,4,2016-03-18 15:50:45.439,65,LOCKED
will-left,0,0,4,2016-03-18 15:50:46.437,66,LOCKED
will-left,0,0,4,2016-03-18 15:50:47.440,65,LOCKED
will-left,0,0,4,2016-03-18 15:50:48.450,64,LOCKED
will-left,0,0,4,2016-03-18 15:50:49.446,62,LOCKED
will-left,0,0,4,2016-03-18 15:50:50.434,61,LOCKED
will-left,0,0,4,2016-03-18 15:50:51.413,60,LOCKED
will-left,0,0,4,2016-03-18 15:50:52.417,60,LOCKED
will-left,0,0,4,2016-03-18 15:50:53.415,60,LOCKED
will-left,0,0,4,2016-03-18 15:50:54.416,60,LOCKED
will-left,0,0,4,2016-03-18 15:50:55.419,61,LOCKED
will-left,0,0,4,2016-03-18 15:50:56.432,63,LOCKED
will-left,0,0,4,2016-03-18 15:50:57.425,63,LOCKED
will-left,0,0,4,2016-03-18 15:50:58.389,64,LOCKED
will-left,0,0,4,2016-03-18 15:50:59.401,63,LOCKED
will-left,0,0,4,2016-03-18 15:51:00.437,63,LOCKED
will-left,0,0,4,2016-03-18 15:51:01.410,54,LOCKED
will-left,0,0,4,2016-03-18 15:51:02.417,56,LOCKED
will-left,0,0,4,2016-03-18 15:51:03.412,56,LOCKED
will-left,0,0,4,2016-03-18 15:51:04.417,56,LOCKED
will-left,0,0,4,2016-03-18 15:51:05.422,56,LOCKED
will-left,0,0,4,2016-03-18 15:51:06.389,56,LOCKED
will-left,0,0,4,2016-03-18 15:51:07.411,61,LOCKED
will-left,0,0,4,2016-03-18 15:51:08.420,61,LOCKED
will-left,0,0,4,2016-03-18 15:51:09.396,64,LOCKED
will-left,0,0,4,2016-03-18 15:51:10.371,62,LOCKED
will-left,0,0,4,2016-03-18 15:51:11.363,62,LOCKED
will-left,0,0,4,2016-03-18 15:51:12.350,63,LOCKED
